{"name":"extrinsics","rotate":[0.9994673132896423,0.03242725506424904,-0.0036836976651102304,-0.03242725506424904,0.9739935398101807,-0.22424331307411194,-0.0036836976651102304,0.22424331307411194,0.9745262265205383],"translate":[0.0,-2.0276732444763184,0.0]}